checkout_id,member_id,book_id,checkout_date,return_date,source,first_name,last_name,grade,neighborhood,membership_status,join_date,title,author,genre,pages,publication_year,publisher
9263,1047,517,2024-10-21,2024-11-07,Database,Sara,Rashad,,Heliopolis,Inactive,2024-06-25,Shadows on the Corniche,Hani Nagati,Mystery,338,2015.0,Delta House
9340,1072,513,2025-08-24,2025-09-01,Database,Seif,Zaki,9.0,Zamalek,Active,2025-10-21,Circuits for Beginners,Galal Mounir,Science,294,2021.0,Oasis Books
9231,1053,523,2024-02-04,2024-02-16,Database,Adam,Shafik,9.0,Heliopolis,Active,2024-01-03,Footsteps in the Dust,Laila Shokry,Historical,276,2018.0,Oasis Books
9129,1032,513,2025-06-21,2025-06-29,Database,Nada,Zaki,7.0,Nasr City,Active,2025-10-19,Circuits for Beginners,Galal Mounir,Science,294,2021.0,Oasis Books
9370,1079,511,2025-11-11,2025-12-03,Database,Rana,Osman,8.0,Shubra,Active,2024-10-27,Winter in Alexandria,Farida Anwar,Historical,117,2016.0,Nile Press
9082,1010,528,2025-11-11,2025-11-18,Database,Nour,Nabil,6.0,Maadi,Active,2024-05-15,The Glass Beehive,Mona Kholoussy,Nature,114,2010.0,Delta House
9238,1057,513,2024-03-28,2024-04-08,Database,Ahmed,Fahmy,8.0,Heliopolis,Active,2024-01-12,Circuits for Beginners,Galal Mounir,Science,294,2021.0,Oasis Books
9012,1010,501,2025-02-17,,Database,Nour,Nabil,6.0,Maadi,Active,2024-05-15,The Silver Kite,Amina Darwish,Adventure,128,2017.0,Nile Press
9127,1024,506,2025-06-13,,Database,Youssef,Hegazy,8.0,Nasr City,inactive,2024-01-04,The Paper Boat Club,Aya Hafez,Friendship,183,,Nile Press
9020,1016,506,2024-04-15,2024-05-04,Database,Dina,Rashad,8.0,Maadi,Active,2023-04-24,The Paper Boat Club,Aya Hafez,Friendship,183,,Nile Press
9208,1044,525,2024-07-10,2024-08-01,Database,Sherif,Saleh,7.0,Heliopolis,active,2024-02-19,Storms and Sailboats,Mahmoud Rafei,Adventure,297,2015.0,Oasis Books
9319,1065,515,2025-02-10,2025-02-21,Database,Adam,Fahmy,6.0,Zamalek,Active,2025-07-12,Songs of the Oasis,Hoda Bakry,Poetry,316,2022.0,Cairo Young Readers
9097,1018,501,2025-10-05,2025-10-14,Database,Ahmed,Shafik,9.0,Maadi,Active,2023-01-28,The Silver Kite,Amina Darwish,Adventure,128,2017.0,Nile Press
9137,1041,519,2025-07-27,2025-08-05,Database,Nada,Rashad,7.0,Nasr City,Active,2024-04-02,Kites Over Cairo,Jasmine Wahdan,Friendship,157,2014.0,Nile Press
9157,1032,525,2024-03-04,2024-04-03,Database,Nada,Zaki,7.0,Nasr City,Active,2025-10-19,Storms and Sailboats,Mahmoud Rafei,Adventure,297,2015.0,Oasis Books
9383,1070,501,2024-07-11,2024-07-31,Database,Ahmed,Zaki,9.0,Zamalek,Active,2025-07-22,The Silver Kite,Amina Darwish,Adventure,128,2017.0,Nile Press
9131,1034,505,2025-12-16,2025-12-25,Database,Aya,Wahba,9.0,Nasr City,Active,2025-01-22,Letters to the Nile,Aya Hafez,Historical,216,2024.0,Oasis Books
9113,1027,507,2024-06-26,2024-07-08,Database,Mostafa,Fouad,9.0,Nasr City,Active,2023-09-25,Fossils and Fireflies,Dalia Serry,Science,160,2024.0,Nile Press
9144,1024,501,2025-11-07,2025-11-25,Database,Youssef,Hegazy,8.0,Nasr City,inactive,2024-01-04,The Silver Kite,Amina Darwish,Adventure,128,2017.0,Nile Press
9005,1008,513,2025-04-20,2025-04-29,Database,Ziad,Saleh,8.0,Maadi,active,2025-10-28,Circuits for Beginners,Galal Mounir,Science,294,2021.0,Oasis Books
9272,1044,518,2025-01-24,2025-02-04,Database,Sherif,Saleh,7.0,Heliopolis,active,2024-02-19,The Ninth Lighthouse,Hani Nagati,Adventure,163,2011.0,Delta House
9283,1072,513,2025-09-17,2025-09-25,Database,Seif,Zaki,9.0,Zamalek,Active,2025-10-21,Circuits for Beginners,Galal Mounir,Science,294,2021.0,Oasis Books
9030,1018,507,2025-03-09,,Database,Ahmed,Shafik,9.0,Maadi,Active,2023-01-28,Fossils and Fireflies,Dalia Serry,Science,160,2024.0,Nile Press
9291,1065,526,2024-03-25,2024-03-31,Database,Adam,Fahmy,6.0,Zamalek,Active,2025-07-12,The Clockwork Orchard,Mahmoud Rafei,Science Fiction,125,2016.0,Delta House
9369,1076,501,2025-06-05,,Database,Dina,Wahba,7.0,Shubra,Active,2025-12-13,The Silver Kite,Amina Darwish,Adventure,128,2017.0,Nile Press
9225,1059,516,2025-08-06,2025-08-22,Database,Lina,Halim,7.0,Heliopolis,Active,2024-01-06,The Beekeeper's Almanac,Hoda Bakry,Nature,241,2010.0,Nile Press
9256,1059,521,2025-07-09,,Database,Lina,Halim,7.0,Heliopolis,Active,2024-01-06,A Garden of Equations,Karim Elwy,Science,211,2024.0,Cairo Young Readers
9234,1053,525,2024-02-13,2024-03-06,Database,Adam,Shafik,9.0,Heliopolis,Active,2024-01-03,Storms and Sailboats,Mahmoud Rafei,Adventure,297,2015.0,Oasis Books
9152,1030,525,2025-01-03,,Database,Reem,Osman,,Nasr City,Active,2025-04-01,Storms and Sailboats,Mahmoud Rafei,Adventure,297,2015.0,Oasis Books
9063,1018,515,2024-10-22,,Database,Ahmed,Shafik,9.0,Maadi,Active,2023-01-28,Songs of the Oasis,Hoda Bakry,Poetry,316,2022.0,Cairo Young Readers
9161,1040,519,2025-10-11,2025-11-01,Database,Dina,Adel,9.0,Nasr City,Active,2025-12-26,Kites Over Cairo,Jasmine Wahdan,Friendship,157,2014.0,Nile Press
9206,1050,519,2024-03-17,,Database,Fares,Adel,6.0,Heliopolis,inactive,2025-09-10,Kites Over Cairo,Jasmine Wahdan,Friendship,157,2014.0,Nile Press
9031,1020,530,2025-12-28,2026-01-05,Database,Rana,Fouad,6.0,Maadi,Active,2025-12-04,The Sandstone Key,Sara Tantawy,Adventure,208,2012.0,Oasis Books
9189,1032,507,2025-12-08,2025-12-16,Database,Nada,Zaki,7.0,Nasr City,Active,2025-10-19,Fossils and Fireflies,Dalia Serry,Science,160,2024.0,Nile Press
9288,1065,519,2025-03-20,2025-03-31,Database,Adam,Fahmy,6.0,Zamalek,Active,2025-07-12,Kites Over Cairo,Jasmine Wahdan,Friendship,157,2014.0,Nile Press
9236,1052,507,2024-09-02,2024-09-29,Database,Retaj,Adel,7.0,Heliopolis,Active,2025-06-07,Fossils and Fireflies,Dalia Serry,Science,160,2024.0,Nile Press
9360,1077,520,2024-03-04,2024-03-16,Database,Lina,Rashad,6.0,Shubra,Active,2023-07-08,The Copper Telescope,Jasmine Wahdan,Science Fiction,136,2009.0,Oasis Books
9111,1027,510,2024-09-12,2024-10-03,Database,Mostafa,Fouad,9.0,Nasr City,Active,2023-09-25,The Missing Metronome,Diaa Sultan,Mystery,134,2013.0,Cairo Young Readers
9342,1068,501,2025-05-28,2025-06-27,Database,Layla,Hegazy,8.0,Zamalek,Inactive,2025-02-24,The Silver Kite,Amina Darwish,Adventure,128,2017.0,Nile Press
9380,1022,513,2024-04-22,2024-04-28,Database,Youssef,Fouad,7.0,Maadi,Active,2025-02-28,Circuits for Beginners,Galal Mounir,Science,294,2021.0,Oasis Books
9302,1061,507,2024-06-22,,Database,Ziad,Fahmy,9.0,zamalek,Inactive,2023-04-27,Fossils and Fireflies,Dalia Serry,Science,160,2024.0,Nile Press
9173,1027,532,2025-03-10,2025-04-06,Database,Mostafa,Fouad,9.0,Nasr City,Active,2023-09-25,The Last Bookmark,Samir Zohdy,Friendship,337,2017.0,Oasis Books
9019,1014,513,2024-03-06,2024-03-23,Database,Habiba,Nabil,6.0,Maadi,Active,2024-07-09,Circuits for Beginners,Galal Mounir,Science,294,2021.0,Oasis Books
9143,1024,518,2025-10-02,,Database,Youssef,Hegazy,8.0,Nasr City,inactive,2024-01-04,The Ninth Lighthouse,Hani Nagati,Adventure,163,2011.0,Delta House
9222,1050,505,2024-01-09,2024-02-01,Database,Fares,Adel,6.0,Heliopolis,inactive,2025-09-10,Letters to the Nile,Aya Hafez,Historical,216,2024.0,Oasis Books
9101,1020,532,2025-05-25,2025-06-15,Database,Rana,Fouad,6.0,Maadi,Active,2025-12-04,The Last Bookmark,Samir Zohdy,Friendship,337,2017.0,Oasis Books
9316,1065,513,2024-08-25,2024-09-17,Database,Adam,Fahmy,6.0,Zamalek,Active,2025-07-12,Circuits for Beginners,Galal Mounir,Science,294,2021.0,Oasis Books
9148,1027,532,2025-07-05,2025-07-26,Database,Mostafa,Fouad,9.0,Nasr City,Active,2023-09-25,The Last Bookmark,Samir Zohdy,Friendship,337,2017.0,Oasis Books
9070,1018,513,2025-01-08,2025-02-01,Database,Ahmed,Shafik,9.0,Maadi,Active,2023-01-28,Circuits for Beginners,Galal Mounir,Science,294,2021.0,Oasis Books
9139,1036,521,2024-03-14,2024-03-20,Database,Lina,Zaki,7.0,Nasr City,Active,2025-08-05,A Garden of Equations,Karim Elwy,Science,211,2024.0,Cairo Young Readers
9043,1005,505,2024-01-26,2024-02-04,Database,Youssef,Halim,9.0,Maadi,Active,2024-05-05,Letters to the Nile,Aya Hafez,Historical,216,2024.0,Oasis Books
9187,1034,502,2024-08-11,,Database,Aya,Wahba,9.0,Nasr City,Active,2025-01-22,Desert Compass,Amina Darwish,Adventure,109,2018.0,Delta House
9269,1054,507,2025-01-26,2025-01-31,Database,Retaj,Fahmy,6.0,Heliopolis,Inactive,2024-03-21,Fossils and Fireflies,Dalia Serry,Science,160,2024.0,Nile Press
9056,1010,519,2025-07-11,2025-07-27,Database,Nour,Nabil,6.0,Maadi,Active,2024-05-15,Kites Over Cairo,Jasmine Wahdan,Friendship,157,2014.0,Nile Press
9057,1020,519,2025-02-03,,Database,Rana,Fouad,6.0,Maadi,Active,2025-12-04,Kites Over Cairo,Jasmine Wahdan,Friendship,157,2014.0,Nile Press
9140,1034,513,2025-03-06,2025-04-02,Database,Aya,Wahba,9.0,Nasr City,Active,2025-01-22,Circuits for Beginners,Galal Mounir,Science,294,2021.0,Oasis Books
9209,1058,525,2024-11-22,2024-12-12,Database,Lina,Mansour,8.0,Heliopolis,active,2025-07-20,Storms and Sailboats,Mahmoud Rafei,Adventure,297,2015.0,Oasis Books
9249,1057,519,2024-10-17,2024-11-03,Database,Ahmed,Fahmy,8.0,Heliopolis,Active,2024-01-12,Kites Over Cairo,Jasmine Wahdan,Friendship,157,2014.0,Nile Press
9058,1006,501,2025-03-18,2025-04-09,Database,Layla,Mansour,6.0,Maadi,Inactive,2024-02-12,The Silver Kite,Amina Darwish,Adventure,128,2017.0,Nile Press
9366,1079,503,2024-06-23,2024-07-23,Database,Rana,Osman,8.0,Shubra,Active,2024-10-27,The Lantern Maker,Adel Roushdy,Historical,259,,Nile Press
9218,1044,532,2025-04-23,2025-05-04,Database,Sherif,Saleh,7.0,Heliopolis,active,2024-02-19,The Last Bookmark,Samir Zohdy,Friendship,337,2017.0,Oasis Books
9355,1075,515,2024-11-10,2024-12-02,Database,Malak,Fahmy,7.0,Shubra,Active,2024-10-28,Songs of the Oasis,Hoda Bakry,Poetry,316,2022.0,Cairo Young Readers
9205,1053,525,2024-12-02,2024-12-14,Database,Adam,Shafik,9.0,Heliopolis,Active,2024-01-03,Storms and Sailboats,Mahmoud Rafei,Adventure,297,2015.0,Oasis Books
9025,1001,525,2024-10-24,2024-11-07,Database,Salma,Ibrahim,8.0,Maadi,Active,2023-04-05,Storms and Sailboats,Mahmoud Rafei,Adventure,297,2015.0,Oasis Books
9124,1024,525,2025-10-14,2025-11-13,Database,Youssef,Hegazy,8.0,Nasr City,inactive,2024-01-04,Storms and Sailboats,Mahmoud Rafei,Adventure,297,2015.0,Oasis Books
9034,1015,511,2025-10-13,,Database,Hamza,Sabry,7.0,Maadi,Inactive,2025-08-13,Winter in Alexandria,Farida Anwar,Historical,117,2016.0,Nile Press
9181,1041,509,2025-03-24,,Database,Nada,Rashad,7.0,Nasr City,Active,2024-04-02,Marbles and Mirrors,Diaa Sultan,Mystery,221,2011.0,Nile Press
9171,1027,507,2025-05-23,2025-06-19,Database,Mostafa,Fouad,9.0,Nasr City,Active,2023-09-25,Fossils and Fireflies,Dalia Serry,Science,160,2024.0,Nile Press
9318,1067,513,2025-07-23,2025-08-17,Database,Aya,Ibrahim,7.0,Zamalek,Inactive,2024-07-03,Circuits for Beginners,Galal Mounir,Science,294,2021.0,Oasis Books
9296,1065,501,2024-12-15,2025-01-11,Database,Adam,Fahmy,6.0,Zamalek,Active,2025-07-12,The Silver Kite,Amina Darwish,Adventure,128,2017.0,Nile Press
9348,1075,532,2024-07-28,2024-08-25,Database,Malak,Fahmy,7.0,Shubra,Active,2024-10-28,The Last Bookmark,Samir Zohdy,Friendship,337,2017.0,Oasis Books
9141,1027,529,2025-02-09,2025-03-03,Database,Mostafa,Fouad,9.0,Nasr City,Active,2023-09-25,Riddles of the Red Sea,Sara Tantawy,Mystery,298,,Cairo Young Readers
9094,1022,527,2024-11-22,2024-12-08,Database,Youssef,Fouad,7.0,Maadi,Active,2025-02-28,Notes from the Delta,Mona Kholoussy,Nature,328,2017.0,Delta House
9280,1054,517,2024-09-06,2024-09-15,Database,Retaj,Fahmy,6.0,Heliopolis,Inactive,2024-03-21,Shadows on the Corniche,Hani Nagati,Mystery,338,2015.0,Delta House
9211,1044,507,2025-04-28,2025-05-25,Database,Sherif,Saleh,7.0,Heliopolis,active,2024-02-19,Fossils and Fireflies,Dalia Serry,Science,160,2024.0,Nile Press
9294,1067,507,2024-11-26,,Database,Aya,Ibrahim,7.0,Zamalek,Inactive,2024-07-03,Fossils and Fireflies,Dalia Serry,Science,160,2024.0,Nile Press
9372,1076,519,2025-03-06,2025-04-02,Database,Dina,Wahba,7.0,Shubra,Active,2025-12-13,Kites Over Cairo,Jasmine Wahdan,Friendship,157,2014.0,Nile Press
9112,1031,521,2024-07-28,2024-08-22,Database,Ali,Fahmy,8.0,NASR CITY,Active,2023-09-08,A Garden of Equations,Karim Elwy,Science,211,2024.0,Cairo Young Readers
9001,1008,501,2025-08-23,2025-08-28,Database,Ziad,Saleh,8.0,Maadi,active,2025-10-28,The Silver Kite,Amina Darwish,Adventure,128,2017.0,Nile Press
9328,1070,501,2024-01-28,,Database,Ahmed,Zaki,9.0,Zamalek,Active,2025-07-22,The Silver Kite,Amina Darwish,Adventure,128,2017.0,Nile Press
9075,1018,510,2024-07-01,,Database,Ahmed,Shafik,9.0,Maadi,Active,2023-01-28,The Missing Metronome,Diaa Sultan,Mystery,134,2013.0,Cairo Young Readers
9149,1032,507,2025-02-09,2025-02-18,Database,Nada,Zaki,7.0,Nasr City,Active,2025-10-19,Fossils and Fireflies,Dalia Serry,Science,160,2024.0,Nile Press
9165,1030,519,2025-03-27,2025-04-02,Database,Reem,Osman,,Nasr City,Active,2025-04-01,Kites Over Cairo,Jasmine Wahdan,Friendship,157,2014.0,Nile Press
9255,1044,509,2025-05-24,2025-06-13,Database,Sherif,Saleh,7.0,Heliopolis,active,2024-02-19,Marbles and Mirrors,Diaa Sultan,Mystery,221,2011.0,Nile Press
9304,1068,519,2024-04-16,2024-05-09,Database,Layla,Hegazy,8.0,Zamalek,Inactive,2025-02-24,Kites Over Cairo,Jasmine Wahdan,Friendship,157,2014.0,Nile Press
9322,1061,510,2025-10-20,2025-11-15,Database,Ziad,Fahmy,9.0,zamalek,Inactive,2023-04-27,The Missing Metronome,Diaa Sultan,Mystery,134,2013.0,Cairo Young Readers
9317,1061,507,2024-01-26,2024-02-09,Database,Ziad,Fahmy,9.0,zamalek,Inactive,2023-04-27,Fossils and Fireflies,Dalia Serry,Science,160,2024.0,Nile Press
9271,1044,513,2025-04-26,2025-05-06,Database,Sherif,Saleh,7.0,Heliopolis,active,2024-02-19,Circuits for Beginners,Galal Mounir,Science,294,2021.0,Oasis Books
9186,1034,516,2025-07-17,2025-08-03,Database,Aya,Wahba,9.0,Nasr City,Active,2025-01-22,The Beekeeper's Almanac,Hoda Bakry,Nature,241,2010.0,Nile Press
9333,1072,520,2025-06-03,2025-06-08,Database,Seif,Zaki,9.0,Zamalek,Active,2025-10-21,The Copper Telescope,Jasmine Wahdan,Science Fiction,136,2009.0,Oasis Books
9188,1023,507,2025-05-11,2025-06-08,Database,Hassan,Rashad,8.0,Nasr City,Inactive,,Fossils and Fireflies,Dalia Serry,Science,160,2024.0,Nile Press
9371,1079,528,2025-04-22,2025-05-02,Database,Rana,Osman,8.0,Shubra,Active,2024-10-27,The Glass Beehive,Mona Kholoussy,Nature,114,2010.0,Delta House
9036,1010,515,2024-11-27,2024-12-24,Database,Nour,Nabil,6.0,Maadi,Active,2024-05-15,Songs of the Oasis,Hoda Bakry,Poetry,316,2022.0,Cairo Young Readers
9163,1034,531,2025-12-28,2026-01-02,Database,Aya,Wahba,9.0,Nasr City,Active,2025-01-22,Voices in the Library,Samir Zohdy,Friendship,272,2018.0,Oasis Books
9091,1008,525,2024-06-03,2024-06-12,Database,Ziad,Saleh,8.0,Maadi,active,2025-10-28,Storms and Sailboats,Mahmoud Rafei,Adventure,297,2015.0,Oasis Books
9092,1019,507,2025-03-20,2025-03-27,Database,Mostafa,Wahba,6.0,Maadi,Inactive,2024-07-20,Fossils and Fireflies,Dalia Serry,Science,160,2024.0,Nile Press
9040,1016,529,2025-01-23,2025-02-11,Database,Dina,Rashad,8.0,Maadi,Active,2023-04-24,Riddles of the Red Sea,Sara Tantawy,Mystery,298,,Cairo Young Readers
9376,1024,518,2025-10-22,2025-11-04,Database,Youssef,Hegazy,8.0,Nasr City,inactive,2024-01-04,The Ninth Lighthouse,Hani Nagati,Adventure,163,2011.0,Delta House
9033,1020,522,2025-02-26,2025-03-11,Database,Rana,Fouad,6.0,Maadi,Active,2025-12-04,The Puzzle Merchant,Karim Elwy,Mystery,104,2016.0,Cairo Young Readers
9341,1065,516,2025-02-19,2025-03-09,Database,Adam,Fahmy,6.0,Zamalek,Active,2025-07-12,The Beekeeper's Almanac,Hoda Bakry,Nature,241,2010.0,Nile Press
9247,1044,510,2025-02-01,2025-02-23,Database,Sherif,Saleh,7.0,Heliopolis,active,2024-02-19,The Missing Metronome,Diaa Sultan,Mystery,134,2013.0,Cairo Young Readers
9184,1026,501,2024-12-15,2025-01-11,Database,Nada,Saleh,7.0,Nasr City,inactive,2023-11-16,The Silver Kite,Amina Darwish,Adventure,128,2017.0,Nile Press
9228,1044,516,2024-12-05,2024-12-26,Database,Sherif,Saleh,7.0,Heliopolis,active,2024-02-19,The Beekeeper's Almanac,Hoda Bakry,Nature,241,2010.0,Nile Press
9331,1065,525,2025-02-17,2025-02-23,Database,Adam,Fahmy,6.0,Zamalek,Active,2025-07-12,Storms and Sailboats,Mahmoud Rafei,Adventure,297,2015.0,Oasis Books
9207,1044,527,2025-10-20,2025-11-04,Database,Sherif,Saleh,7.0,Heliopolis,active,2024-02-19,Notes from the Delta,Mona Kholoussy,Nature,328,2017.0,Delta House
9323,1072,519,2024-01-23,2024-01-28,Database,Seif,Zaki,9.0,Zamalek,Active,2025-10-21,Kites Over Cairo,Jasmine Wahdan,Friendship,157,2014.0,Nile Press
9337,1072,529,2024-11-13,,Database,Seif,Zaki,9.0,Zamalek,Active,2025-10-21,Riddles of the Red Sea,Sara Tantawy,Mystery,298,,Cairo Young Readers
9326,1062,501,2024-08-15,2024-08-21,Database,Tarek,Adel,7.0,Zamalek,Active,2023-01-22,The Silver Kite,Amina Darwish,Adventure,128,2017.0,Nile Press
9128,1024,501,2025-06-12,2025-06-19,Database,Youssef,Hegazy,8.0,Nasr City,inactive,2024-01-04,The Silver Kite,Amina Darwish,Adventure,128,2017.0,Nile Press
9123,1027,511,2025-03-23,2025-04-11,Database,Mostafa,Fouad,9.0,Nasr City,Active,2023-09-25,Winter in Alexandria,Farida Anwar,Historical,117,2016.0,Nile Press
9003,1015,501,2024-08-04,2024-08-13,Database,Hamza,Sabry,7.0,Maadi,Inactive,2025-08-13,The Silver Kite,Amina Darwish,Adventure,128,2017.0,Nile Press
9066,1005,513,2025-07-15,2025-07-31,Database,Youssef,Halim,9.0,Maadi,Active,2024-05-05,Circuits for Beginners,Galal Mounir,Science,294,2021.0,Oasis Books
9053,1008,516,2025-07-20,2025-08-08,Database,Ziad,Saleh,8.0,Maadi,active,2025-10-28,The Beekeeper's Almanac,Hoda Bakry,Nature,241,2010.0,Nile Press
9052,1019,501,2024-06-20,2024-06-29,Database,Mostafa,Wahba,6.0,Maadi,Inactive,2024-07-20,The Silver Kite,Amina Darwish,Adventure,128,2017.0,Nile Press
9162,1030,519,2025-08-27,2025-09-11,Database,Reem,Osman,,Nasr City,Active,2025-04-01,Kites Over Cairo,Jasmine Wahdan,Friendship,157,2014.0,Nile Press
9027,1018,519,2024-11-04,,Database,Ahmed,Shafik,9.0,Maadi,Active,2023-01-28,Kites Over Cairo,Jasmine Wahdan,Friendship,157,2014.0,Nile Press
9194,1024,513,2024-09-17,2024-10-09,Database,Youssef,Hegazy,8.0,Nasr City,inactive,2024-01-04,Circuits for Beginners,Galal Mounir,Science,294,2021.0,Oasis Books
9120,1034,526,2025-06-06,2025-06-26,Database,Aya,Wahba,9.0,Nasr City,Active,2025-01-22,The Clockwork Orchard,Mahmoud Rafei,Science Fiction,125,2016.0,Delta House
9182,1037,525,2024-05-19,2024-06-03,Database,Retaj,Kamel,,Nasr City,Inactive,2023-08-26,Storms and Sailboats,Mahmoud Rafei,Adventure,297,2015.0,Oasis Books
9241,1059,519,2025-01-04,2025-01-11,Database,Lina,Halim,7.0,Heliopolis,Active,2024-01-06,Kites Over Cairo,Jasmine Wahdan,Friendship,157,2014.0,Nile Press
9172,1030,513,2025-05-04,2025-05-26,Database,Reem,Osman,,Nasr City,Active,2025-04-01,Circuits for Beginners,Galal Mounir,Science,294,2021.0,Oasis Books
9193,1034,519,2024-09-15,2024-10-01,Database,Aya,Wahba,9.0,Nasr City,Active,2025-01-22,Kites Over Cairo,Jasmine Wahdan,Friendship,157,2014.0,Nile Press
9100,1010,513,2025-08-27,2025-09-22,Database,Nour,Nabil,6.0,Maadi,Active,2024-05-15,Circuits for Beginners,Galal Mounir,Science,294,2021.0,Oasis Books
9227,1059,513,2024-11-02,2024-11-20,Database,Lina,Halim,7.0,Heliopolis,Active,2024-01-06,Circuits for Beginners,Galal Mounir,Science,294,2021.0,Oasis Books
9110,1030,506,2024-05-14,2024-05-30,Database,Reem,Osman,,Nasr City,Active,2025-04-01,The Paper Boat Club,Aya Hafez,Friendship,183,,Nile Press
9021,1008,501,2025-05-22,2025-05-29,Database,Ziad,Saleh,8.0,Maadi,active,2025-10-28,The Silver Kite,Amina Darwish,Adventure,128,2017.0,Nile Press
9007,1008,507,2025-03-15,2025-03-31,Database,Ziad,Saleh,8.0,Maadi,active,2025-10-28,Fossils and Fireflies,Dalia Serry,Science,160,2024.0,Nile Press
9365,1075,501,2024-01-17,2024-02-01,Database,Malak,Fahmy,7.0,Shubra,Active,2024-10-28,The Silver Kite,Amina Darwish,Adventure,128,2017.0,Nile Press
9142,1027,516,2024-09-21,2024-10-14,Database,Mostafa,Fouad,9.0,Nasr City,Active,2023-09-25,The Beekeeper's Almanac,Hoda Bakry,Nature,241,2010.0,Nile Press
9073,1008,513,2025-02-13,,Database,Ziad,Saleh,8.0,Maadi,active,2025-10-28,Circuits for Beginners,Galal Mounir,Science,294,2021.0,Oasis Books
9024,1010,507,2025-01-27,2025-02-09,Database,Nour,Nabil,6.0,Maadi,Active,2024-05-15,Fossils and Fireflies,Dalia Serry,Science,160,2024.0,Nile Press
9067,1008,507,2024-01-05,2024-01-29,Database,Ziad,Saleh,8.0,Maadi,active,2025-10-28,Fossils and Fireflies,Dalia Serry,Science,160,2024.0,Nile Press
9324,1061,529,2025-03-12,2025-04-10,Database,Ziad,Fahmy,9.0,zamalek,Inactive,2023-04-27,Riddles of the Red Sea,Sara Tantawy,Mystery,298,,Cairo Young Readers
9250,1044,507,2025-08-05,2025-08-23,Database,Sherif,Saleh,7.0,Heliopolis,active,2024-02-19,Fossils and Fireflies,Dalia Serry,Science,160,2024.0,Nile Press
9090,1016,507,2025-02-18,2025-03-04,Database,Dina,Rashad,8.0,Maadi,Active,2023-04-24,Fossils and Fireflies,Dalia Serry,Science,160,2024.0,Nile Press
9198,1027,524,2024-10-03,2024-10-19,Database,Mostafa,Fouad,9.0,Nasr City,Active,2023-09-25,The Weaver's Daughter,Laila Shokry,Historical,114,2016.0,Cairo Young Readers
9046,1022,513,2024-02-22,,Database,Youssef,Fouad,7.0,Maadi,Active,2025-02-28,Circuits for Beginners,Galal Mounir,Science,294,2021.0,Oasis Books
9115,1034,502,2025-12-16,2026-01-15,Database,Aya,Wahba,9.0,Nasr City,Active,2025-01-22,Desert Compass,Amina Darwish,Adventure,109,2018.0,Delta House
9310,1067,511,2024-02-04,2024-02-12,Database,Aya,Ibrahim,7.0,Zamalek,Inactive,2024-07-03,Winter in Alexandria,Farida Anwar,Historical,117,2016.0,Nile Press
9357,1077,516,2024-07-26,2024-08-15,Database,Lina,Rashad,6.0,Shubra,Active,2023-07-08,The Beekeeper's Almanac,Hoda Bakry,Nature,241,2010.0,Nile Press
9286,1072,507,2024-08-09,2024-08-16,Database,Seif,Zaki,9.0,Zamalek,Active,2025-10-21,Fossils and Fireflies,Dalia Serry,Science,160,2024.0,Nile Press
9354,1079,502,2024-03-09,2024-03-18,Database,Rana,Osman,8.0,Shubra,Active,2024-10-27,Desert Compass,Amina Darwish,Adventure,109,2018.0,Delta House
9290,1065,519,2025-10-09,,Database,Adam,Fahmy,6.0,Zamalek,Active,2025-07-12,Kites Over Cairo,Jasmine Wahdan,Friendship,157,2014.0,Nile Press
9257,1047,501,2024-10-18,2024-11-16,Database,Sara,Rashad,,Heliopolis,Inactive,2024-06-25,The Silver Kite,Amina Darwish,Adventure,128,2017.0,Nile Press
9261,1047,509,2025-09-02,2025-09-18,Database,Sara,Rashad,,Heliopolis,Inactive,2024-06-25,Marbles and Mirrors,Diaa Sultan,Mystery,221,2011.0,Nile Press
9119,1024,518,2025-02-26,2025-03-15,Database,Youssef,Hegazy,8.0,Nasr City,inactive,2024-01-04,The Ninth Lighthouse,Hani Nagati,Adventure,163,2011.0,Delta House
9313,1068,507,2024-12-13,2024-12-19,Database,Layla,Hegazy,8.0,Zamalek,Inactive,2025-02-24,Fossils and Fireflies,Dalia Serry,Science,160,2024.0,Nile Press
9213,1050,501,2024-05-07,2024-05-14,Database,Fares,Adel,6.0,Heliopolis,inactive,2025-09-10,The Silver Kite,Amina Darwish,Adventure,128,2017.0,Nile Press
9051,1003,513,2025-07-22,2025-08-18,Database,Bassel,Hegazy,6.0,Maadi,Active,2025-04-23,Circuits for Beginners,Galal Mounir,Science,294,2021.0,Oasis Books
9093,1008,507,2025-03-22,2025-04-19,Database,Ziad,Saleh,8.0,Maadi,active,2025-10-28,Fossils and Fireflies,Dalia Serry,Science,160,2024.0,Nile Press
9274,1054,522,2024-09-06,2024-09-17,Database,Retaj,Fahmy,6.0,Heliopolis,Inactive,2024-03-21,The Puzzle Merchant,Karim Elwy,Mystery,104,2016.0,Cairo Young Readers
9292,1074,525,2024-12-28,2025-01-06,Database,Mostafa,Saleh,8.0,Zamalek,Active,2025-11-21,Storms and Sailboats,Mahmoud Rafei,Adventure,297,2015.0,Oasis Books
9009,1022,506,2025-04-28,2025-05-04,Database,Youssef,Fouad,7.0,Maadi,Active,2025-02-28,The Paper Boat Club,Aya Hafez,Friendship,183,,Nile Press
9064,1008,502,2025-06-12,2025-06-21,Database,Ziad,Saleh,8.0,Maadi,active,2025-10-28,Desert Compass,Amina Darwish,Adventure,109,2018.0,Delta House
9169,1030,513,2025-11-25,,Database,Reem,Osman,,Nasr City,Active,2025-04-01,Circuits for Beginners,Galal Mounir,Science,294,2021.0,Oasis Books
9358,1077,513,2025-07-09,2025-07-24,Database,Lina,Rashad,6.0,Shubra,Active,2023-07-08,Circuits for Beginners,Galal Mounir,Science,294,2021.0,Oasis Books
9297,1065,501,2025-04-14,,Database,Adam,Fahmy,6.0,Zamalek,Active,2025-07-12,The Silver Kite,Amina Darwish,Adventure,128,2017.0,Nile Press
9214,1058,525,2024-09-24,,Database,Lina,Mansour,8.0,Heliopolis,active,2025-07-20,Storms and Sailboats,Mahmoud Rafei,Adventure,297,2015.0,Oasis Books
9008,1010,520,2025-08-11,,Database,Nour,Nabil,6.0,Maadi,Active,2024-05-15,The Copper Telescope,Jasmine Wahdan,Science Fiction,136,2009.0,Oasis Books
9237,1057,513,2024-02-22,,Database,Ahmed,Fahmy,8.0,Heliopolis,Active,2024-01-12,Circuits for Beginners,Galal Mounir,Science,294,2021.0,Oasis Books
9303,1061,509,2025-12-23,2026-01-10,Database,Ziad,Fahmy,9.0,zamalek,Inactive,2023-04-27,Marbles and Mirrors,Diaa Sultan,Mystery,221,2011.0,Nile Press
9338,1072,501,2024-07-16,,Database,Seif,Zaki,9.0,Zamalek,Active,2025-10-21,The Silver Kite,Amina Darwish,Adventure,128,2017.0,Nile Press
9343,1075,529,2024-10-04,2024-10-14,Database,Malak,Fahmy,7.0,Shubra,Active,2024-10-28,Riddles of the Red Sea,Sara Tantawy,Mystery,298,,Cairo Young Readers
9130,1024,503,2025-09-04,2025-09-17,Database,Youssef,Hegazy,8.0,Nasr City,inactive,2024-01-04,The Lantern Maker,Adel Roushdy,Historical,259,,Nile Press
9192,1027,519,2025-09-26,2025-10-07,Database,Mostafa,Fouad,9.0,Nasr City,Active,2023-09-25,Kites Over Cairo,Jasmine Wahdan,Friendship,157,2014.0,Nile Press
9017,1018,519,2024-08-06,2024-08-11,Database,Ahmed,Shafik,9.0,Maadi,Active,2023-01-28,Kites Over Cairo,Jasmine Wahdan,Friendship,157,2014.0,Nile Press
9266,1053,519,2024-06-01,2024-06-15,Database,Adam,Shafik,9.0,Heliopolis,Active,2024-01-03,Kites Over Cairo,Jasmine Wahdan,Friendship,157,2014.0,Nile Press
9132,1035,511,2025-02-26,2025-03-13,Database,Karim,Fahmy,9.0,Nasr City,Inactive,2025-06-26,Winter in Alexandria,Farida Anwar,Historical,117,2016.0,Nile Press
9015,1010,507,2025-09-02,2025-09-14,Database,Nour,Nabil,6.0,Maadi,Active,2024-05-15,Fossils and Fireflies,Dalia Serry,Science,160,2024.0,Nile Press
9362,1079,507,2024-03-08,2024-04-07,Database,Rana,Osman,8.0,Shubra,Active,2024-10-27,Fossils and Fireflies,Dalia Serry,Science,160,2024.0,Nile Press
9262,1054,524,2024-02-25,2024-03-22,Database,Retaj,Fahmy,6.0,Heliopolis,Inactive,2024-03-21,The Weaver's Daughter,Laila Shokry,Historical,114,2016.0,Cairo Young Readers
9336,1061,528,2024-04-18,2024-05-15,Database,Ziad,Fahmy,9.0,zamalek,Inactive,2023-04-27,The Glass Beehive,Mona Kholoussy,Nature,114,2010.0,Delta House
9105,1027,501,2025-03-05,2025-03-25,Database,Mostafa,Fouad,9.0,Nasr City,Active,2023-09-25,The Silver Kite,Amina Darwish,Adventure,128,2017.0,Nile Press
9055,1015,525,2025-08-08,2025-08-27,Database,Hamza,Sabry,7.0,Maadi,Inactive,2025-08-13,Storms and Sailboats,Mahmoud Rafei,Adventure,297,2015.0,Oasis Books
9183,1027,532,2025-03-28,2025-04-10,Database,Mostafa,Fouad,9.0,Nasr City,Active,2023-09-25,The Last Bookmark,Samir Zohdy,Friendship,337,2017.0,Oasis Books
9049,1010,514,2025-09-08,,Database,Nour,Nabil,6.0,Maadi,Active,2024-05-15,The Robot in Row Nine,Galal Mounir,Science Fiction,328,2023.0,Cairo Young Readers
9307,1072,501,2025-06-10,2025-07-09,Database,Seif,Zaki,9.0,Zamalek,Active,2025-10-21,The Silver Kite,Amina Darwish,Adventure,128,2017.0,Nile Press
9166,1032,519,2024-01-15,2024-01-24,Database,Nada,Zaki,7.0,Nasr City,Active,2025-10-19,Kites Over Cairo,Jasmine Wahdan,Friendship,157,2014.0,Nile Press
9155,1028,525,2025-07-12,2025-07-18,Database,Hassan,Adel,9.0,Nasr City,Active,2025-11-12,Storms and Sailboats,Mahmoud Rafei,Adventure,297,2015.0,Oasis Books
9240,1050,525,2025-07-25,2025-08-24,Database,Fares,Adel,6.0,Heliopolis,inactive,2025-09-10,Storms and Sailboats,Mahmoud Rafei,Adventure,297,2015.0,Oasis Books
9197,1030,501,2025-11-26,2025-12-01,Database,Reem,Osman,,Nasr City,Active,2025-04-01,The Silver Kite,Amina Darwish,Adventure,128,2017.0,Nile Press
9375,1034,525,2025-10-27,2025-11-15,Database,Aya,Wahba,9.0,Nasr City,Active,2025-01-22,Storms and Sailboats,Mahmoud Rafei,Adventure,297,2015.0,Oasis Books
9114,1034,516,2025-03-02,2025-03-17,Database,Aya,Wahba,9.0,Nasr City,Active,2025-01-22,The Beekeeper's Almanac,Hoda Bakry,Nature,241,2010.0,Nile Press
9077,1008,514,2024-07-28,2024-08-12,Database,Ziad,Saleh,8.0,Maadi,active,2025-10-28,The Robot in Row Nine,Galal Mounir,Science Fiction,328,2023.0,Cairo Young Readers
9260,1044,518,2025-07-03,2025-07-27,Database,Sherif,Saleh,7.0,Heliopolis,active,2024-02-19,The Ninth Lighthouse,Hani Nagati,Adventure,163,2011.0,Delta House
9059,1016,518,2025-06-28,2025-07-27,Database,Dina,Rashad,8.0,Maadi,Active,2023-04-24,The Ninth Lighthouse,Hani Nagati,Adventure,163,2011.0,Delta House
9332,1062,522,2024-07-03,,Database,Tarek,Adel,7.0,Zamalek,Active,2023-01-22,The Puzzle Merchant,Karim Elwy,Mystery,104,2016.0,Cairo Young Readers
9378,1018,501,2024-09-05,2024-09-21,Database,Ahmed,Shafik,9.0,Maadi,Active,2023-01-28,The Silver Kite,Amina Darwish,Adventure,128,2017.0,Nile Press
9179,1027,517,2024-11-19,2024-12-17,Database,Mostafa,Fouad,9.0,Nasr City,Active,2023-09-25,Shadows on the Corniche,Hani Nagati,Mystery,338,2015.0,Delta House
9126,1034,529,2024-10-22,2024-10-28,Database,Aya,Wahba,9.0,Nasr City,Active,2025-01-22,Riddles of the Red Sea,Sara Tantawy,Mystery,298,,Cairo Young Readers
9072,1007,513,2025-03-05,2025-04-01,Database,Sherif,Fouad,6.0,Maadi,Active,2025-08-18,Circuits for Beginners,Galal Mounir,Science,294,2021.0,Oasis Books
9080,1008,501,2024-03-20,2024-04-18,Database,Ziad,Saleh,8.0,Maadi,active,2025-10-28,The Silver Kite,Amina Darwish,Adventure,128,2017.0,Nile Press
9298,1065,507,2025-06-18,2025-07-11,Database,Adam,Fahmy,6.0,Zamalek,Active,2025-07-12,Fossils and Fireflies,Dalia Serry,Science,160,2024.0,Nile Press
9087,1020,511,2025-12-03,2025-12-13,Database,Rana,Fouad,6.0,Maadi,Active,2025-12-04,Winter in Alexandria,Farida Anwar,Historical,117,2016.0,Nile Press
9006,1018,507,2025-06-26,2025-07-01,Database,Ahmed,Shafik,9.0,Maadi,Active,2023-01-28,Fossils and Fireflies,Dalia Serry,Science,160,2024.0,Nile Press
9309,1068,511,2024-11-24,2024-12-12,Database,Layla,Hegazy,8.0,Zamalek,Inactive,2025-02-24,Winter in Alexandria,Farida Anwar,Historical,117,2016.0,Nile Press
9069,1010,505,2024-06-14,2024-07-10,Database,Nour,Nabil,6.0,Maadi,Active,2024-05-15,Letters to the Nile,Aya Hafez,Historical,216,2024.0,Oasis Books
9216,1050,519,2024-08-07,,Database,Fares,Adel,6.0,Heliopolis,inactive,2025-09-10,Kites Over Cairo,Jasmine Wahdan,Friendship,157,2014.0,Nile Press
9191,1027,505,2024-08-05,2024-08-29,Database,Mostafa,Fouad,9.0,Nasr City,Active,2023-09-25,Letters to the Nile,Aya Hafez,Historical,216,2024.0,Oasis Books
9013,1002,501,2024-02-16,2024-02-29,Database,Fares,Saleh,9.0,Maadi,Active,,The Silver Kite,Amina Darwish,Adventure,128,2017.0,Nile Press
9061,1016,505,2025-04-28,2025-05-20,Database,Dina,Rashad,8.0,Maadi,Active,2023-04-24,Letters to the Nile,Aya Hafez,Historical,216,2024.0,Oasis Books
9295,1061,513,2025-12-12,2026-01-01,Database,Ziad,Fahmy,9.0,zamalek,Inactive,2023-04-27,Circuits for Beginners,Galal Mounir,Science,294,2021.0,Oasis Books
9363,1079,507,2024-12-23,2025-01-15,Database,Rana,Osman,8.0,Shubra,Active,2024-10-27,Fossils and Fireflies,Dalia Serry,Science,160,2024.0,Nile Press
9102,1010,502,2024-10-05,,Database,Nour,Nabil,6.0,Maadi,Active,2024-05-15,Desert Compass,Amina Darwish,Adventure,109,2018.0,Delta House
9287,1065,532,2024-04-26,2024-05-23,Database,Adam,Fahmy,6.0,Zamalek,Active,2025-07-12,The Last Bookmark,Samir Zohdy,Friendship,337,2017.0,Oasis Books
9330,1072,513,2025-04-11,2025-05-09,Database,Seif,Zaki,9.0,Zamalek,Active,2025-10-21,Circuits for Beginners,Galal Mounir,Science,294,2021.0,Oasis Books
9178,1024,518,2025-08-21,2025-09-04,Database,Youssef,Hegazy,8.0,Nasr City,inactive,2024-01-04,The Ninth Lighthouse,Hani Nagati,Adventure,163,2011.0,Delta House
9175,1027,513,2025-03-04,2025-03-27,Database,Mostafa,Fouad,9.0,Nasr City,Active,2023-09-25,Circuits for Beginners,Galal Mounir,Science,294,2021.0,Oasis Books
9267,1047,530,2024-12-05,2024-12-20,Database,Sara,Rashad,,Heliopolis,Inactive,2024-06-25,The Sandstone Key,Sara Tantawy,Adventure,208,2012.0,Oasis Books
9159,1030,501,2024-12-11,,Database,Reem,Osman,,Nasr City,Active,2025-04-01,The Silver Kite,Amina Darwish,Adventure,128,2017.0,Nile Press
9037,1008,509,2024-01-02,2024-01-22,Database,Ziad,Saleh,8.0,Maadi,active,2025-10-28,Marbles and Mirrors,Diaa Sultan,Mystery,221,2011.0,Nile Press
9264,1059,507,2025-02-01,2025-02-13,Database,Lina,Halim,7.0,Heliopolis,Active,2024-01-06,Fossils and Fireflies,Dalia Serry,Science,160,2024.0,Nile Press
9254,1059,501,2025-10-23,2025-11-07,Database,Lina,Halim,7.0,Heliopolis,Active,2024-01-06,The Silver Kite,Amina Darwish,Adventure,128,2017.0,Nile Press
9259,1057,501,2025-11-16,2025-11-30,Database,Ahmed,Fahmy,8.0,Heliopolis,Active,2024-01-12,The Silver Kite,Amina Darwish,Adventure,128,2017.0,Nile Press
9010,1009,513,2025-07-22,2025-08-16,Database,Hassan,Saleh,6.0,Maadi,Active,2025-04-25,Circuits for Beginners,Galal Mounir,Science,294,2021.0,Oasis Books
9347,1075,519,2025-07-17,2025-07-31,Database,Malak,Fahmy,7.0,Shubra,Active,2024-10-28,Kites Over Cairo,Jasmine Wahdan,Friendship,157,2014.0,Nile Press
9156,1032,503,2025-02-13,2025-03-14,Database,Nada,Zaki,7.0,Nasr City,Active,2025-10-19,The Lantern Maker,Adel Roushdy,Historical,259,,Nile Press
9147,1028,512,2025-10-05,2025-11-01,Database,Hassan,Adel,9.0,Nasr City,Active,2025-11-12,The Cartographer's Cat,Farida Anwar,Adventure,238,2022.0,Delta House
9125,1039,501,2025-06-17,,Database,Nada,Riad,7.0,Nasr City,active,,The Silver Kite,Amina Darwish,Adventure,128,2017.0,Nile Press
9168,1030,513,2025-09-13,2025-09-23,Database,Reem,Osman,,Nasr City,Active,2025-04-01,Circuits for Beginners,Galal Mounir,Science,294,2021.0,Oasis Books
9270,1057,517,2024-12-08,2024-12-30,Database,Ahmed,Fahmy,8.0,Heliopolis,Active,2024-01-12,Shadows on the Corniche,Hani Nagati,Mystery,338,2015.0,Delta House
9068,1003,501,2025-11-14,2025-12-03,Database,Bassel,Hegazy,6.0,Maadi,Active,2025-04-23,The Silver Kite,Amina Darwish,Adventure,128,2017.0,Nile Press
9327,1065,513,2025-03-09,2025-04-01,Database,Adam,Fahmy,6.0,Zamalek,Active,2025-07-12,Circuits for Beginners,Galal Mounir,Science,294,2021.0,Oasis Books
9273,1047,510,2024-12-07,2025-01-05,Database,Sara,Rashad,,Heliopolis,Inactive,2024-06-25,The Missing Metronome,Diaa Sultan,Mystery,134,2013.0,Cairo Young Readers
9301,1062,519,2024-11-10,2024-11-23,Database,Tarek,Adel,7.0,Zamalek,Active,2023-01-22,Kites Over Cairo,Jasmine Wahdan,Friendship,157,2014.0,Nile Press
9074,1003,501,2024-06-19,2024-07-06,Database,Bassel,Hegazy,6.0,Maadi,Active,2025-04-23,The Silver Kite,Amina Darwish,Adventure,128,2017.0,Nile Press
9368,1079,525,2025-02-12,2025-03-10,Database,Rana,Osman,8.0,Shubra,Active,2024-10-27,Storms and Sailboats,Mahmoud Rafei,Adventure,297,2015.0,Oasis Books
9233,1059,512,2024-12-08,2024-12-15,Database,Lina,Halim,7.0,Heliopolis,Active,2024-01-06,The Cartographer's Cat,Farida Anwar,Adventure,238,2022.0,Delta House
9200,1060,509,2024-12-08,,Database,Layla,Wahba,7.0,Heliopolis,Active,2024-03-26,Marbles and Mirrors,Diaa Sultan,Mystery,221,2011.0,Nile Press
9349,1077,501,2024-03-04,2024-04-02,Database,Lina,Rashad,6.0,Shubra,Active,2023-07-08,The Silver Kite,Amina Darwish,Adventure,128,2017.0,Nile Press
9350,1080,501,2025-06-22,2025-07-17,Database,Bassel,Wahba,9.0,Shubra,Active,2023-12-28,The Silver Kite,Amina Darwish,Adventure,128,2017.0,Nile Press
9345,1075,507,2025-02-03,2025-03-01,Database,Malak,Fahmy,7.0,Shubra,Active,2024-10-28,Fossils and Fireflies,Dalia Serry,Science,160,2024.0,Nile Press
9195,1024,507,2025-02-22,2025-03-17,Database,Youssef,Hegazy,8.0,Nasr City,inactive,2024-01-04,Fossils and Fireflies,Dalia Serry,Science,160,2024.0,Nile Press
9325,1072,519,2024-01-11,,Database,Seif,Zaki,9.0,Zamalek,Active,2025-10-21,Kites Over Cairo,Jasmine Wahdan,Friendship,157,2014.0,Nile Press
9245,1044,519,2024-12-13,2024-12-21,Database,Sherif,Saleh,7.0,Heliopolis,active,2024-02-19,Kites Over Cairo,Jasmine Wahdan,Friendship,157,2014.0,Nile Press
9146,1034,509,2025-02-23,2025-03-14,Database,Aya,Wahba,9.0,Nasr City,Active,2025-01-22,Marbles and Mirrors,Diaa Sultan,Mystery,221,2011.0,Nile Press
9379,1062,501,2024-12-18,2024-12-26,Database,Tarek,Adel,7.0,Zamalek,Active,2023-01-22,The Silver Kite,Amina Darwish,Adventure,128,2017.0,Nile Press
9374,1080,505,2024-08-05,2024-08-12,Database,Bassel,Wahba,9.0,Shubra,Active,2023-12-28,Letters to the Nile,Aya Hafez,Historical,216,2024.0,Oasis Books
9107,1024,505,2024-09-24,2024-10-12,Database,Youssef,Hegazy,8.0,Nasr City,inactive,2024-01-04,Letters to the Nile,Aya Hafez,Historical,216,2024.0,Oasis Books
9029,1005,507,2025-03-07,2025-03-29,Database,Youssef,Halim,9.0,Maadi,Active,2024-05-05,Fossils and Fireflies,Dalia Serry,Science,160,2024.0,Nile Press
9108,1024,507,2025-02-02,2025-02-27,Database,Youssef,Hegazy,8.0,Nasr City,inactive,2024-01-04,Fossils and Fireflies,Dalia Serry,Science,160,2024.0,Nile Press
9201,1055,531,2025-11-24,2025-12-16,Database,Mostafa,Kamel,9.0,Heliopolis,Active,2025-01-04,Voices in the Library,Samir Zohdy,Friendship,272,2018.0,Oasis Books
9253,1058,507,2025-06-15,2025-07-10,Database,Lina,Mansour,8.0,Heliopolis,active,2025-07-20,Fossils and Fireflies,Dalia Serry,Science,160,2024.0,Nile Press
9334,1065,507,2025-12-20,2026-01-05,Database,Adam,Fahmy,6.0,Zamalek,Active,2025-07-12,Fossils and Fireflies,Dalia Serry,Science,160,2024.0,Nile Press
9160,1030,501,2024-06-20,2024-07-07,Database,Reem,Osman,,Nasr City,Active,2025-04-01,The Silver Kite,Amina Darwish,Adventure,128,2017.0,Nile Press
9180,1034,529,2024-07-27,2024-08-02,Database,Aya,Wahba,9.0,Nasr City,Active,2025-01-22,Riddles of the Red Sea,Sara Tantawy,Mystery,298,,Cairo Young Readers
9344,1076,507,2024-09-12,,Database,Dina,Wahba,7.0,Shubra,Active,2025-12-13,Fossils and Fireflies,Dalia Serry,Science,160,2024.0,Nile Press
9004,1013,519,2025-07-27,2025-08-16,Database,Ziad,Fouad,,Maadi,Active,2025-06-27,Kites Over Cairo,Jasmine Wahdan,Friendship,157,2014.0,Nile Press
9224,1057,513,2025-05-25,,Database,Ahmed,Fahmy,8.0,Heliopolis,Active,2024-01-12,Circuits for Beginners,Galal Mounir,Science,294,2021.0,Oasis Books
9235,1047,516,2024-02-16,,Database,Sara,Rashad,,Heliopolis,Inactive,2024-06-25,The Beekeeper's Almanac,Hoda Bakry,Nature,241,2010.0,Nile Press
9118,1030,507,2024-05-12,,Database,Reem,Osman,,Nasr City,Active,2025-04-01,Fossils and Fireflies,Dalia Serry,Science,160,2024.0,Nile Press
9381,1079,507,2025-05-30,2025-06-18,Database,Rana,Osman,8.0,Shubra,Active,2024-10-27,Fossils and Fireflies,Dalia Serry,Science,160,2024.0,Nile Press
9071,1003,503,2024-03-25,2024-04-09,Database,Bassel,Hegazy,6.0,Maadi,Active,2025-04-23,The Lantern Maker,Adel Roushdy,Historical,259,,Nile Press
9220,1047,507,2025-08-04,,Database,Sara,Rashad,,Heliopolis,Inactive,2024-06-25,Fossils and Fireflies,Dalia Serry,Science,160,2024.0,Nile Press
9167,1028,503,2025-12-24,2026-01-02,Database,Hassan,Adel,9.0,Nasr City,Active,2025-11-12,The Lantern Maker,Adel Roushdy,Historical,259,,Nile Press
9320,1073,501,2025-07-19,2025-08-13,Database,Yassin,Kamel,7.0,Zamalek,Inactive,2025-08-26,The Silver Kite,Amina Darwish,Adventure,128,2017.0,Nile Press
9300,1061,528,2024-08-15,2024-09-02,Database,Ziad,Fahmy,9.0,zamalek,Inactive,2023-04-27,The Glass Beehive,Mona Kholoussy,Nature,114,2010.0,Delta House
9364,1077,513,2024-08-18,2024-09-07,Database,Lina,Rashad,6.0,Shubra,Active,2023-07-08,Circuits for Beginners,Galal Mounir,Science,294,2021.0,Oasis Books
9035,1020,501,2024-08-01,2024-08-23,Database,Rana,Fouad,6.0,Maadi,Active,2025-12-04,The Silver Kite,Amina Darwish,Adventure,128,2017.0,Nile Press
9382,1076,507,2025-02-26,2025-03-08,Database,Dina,Wahba,7.0,Shubra,Active,2025-12-13,Fossils and Fireflies,Dalia Serry,Science,160,2024.0,Nile Press
9133,1034,519,2025-05-28,2025-06-24,Database,Aya,Wahba,9.0,Nasr City,Active,2025-01-22,Kites Over Cairo,Jasmine Wahdan,Friendship,157,2014.0,Nile Press
9276,1050,514,2025-06-28,2025-07-08,Database,Fares,Adel,6.0,Heliopolis,inactive,2025-09-10,The Robot in Row Nine,Galal Mounir,Science Fiction,328,2023.0,Cairo Young Readers
9104,1018,507,2024-05-15,,Database,Ahmed,Shafik,9.0,Maadi,Active,2023-01-28,Fossils and Fireflies,Dalia Serry,Science,160,2024.0,Nile Press
9367,1079,507,2024-03-19,2024-03-28,Database,Rana,Osman,8.0,Shubra,Active,2024-10-27,Fossils and Fireflies,Dalia Serry,Science,160,2024.0,Nile Press
9373,1079,508,2024-03-20,2024-04-19,Database,Rana,Osman,8.0,Shubra,Active,2024-10-27,The Quiet Observatory,Dalia Serry,Science,306,2011.0,Oasis Books
9217,1047,530,2024-04-07,,Database,Sara,Rashad,,Heliopolis,Inactive,2024-06-25,The Sandstone Key,Sara Tantawy,Adventure,208,2012.0,Oasis Books
9022,1010,507,2025-11-14,2025-12-03,Database,Nour,Nabil,6.0,Maadi,Active,2024-05-15,Fossils and Fireflies,Dalia Serry,Science,160,2024.0,Nile Press
9065,1016,509,2024-12-21,,Database,Dina,Rashad,8.0,Maadi,Active,2023-04-24,Marbles and Mirrors,Diaa Sultan,Mystery,221,2011.0,Nile Press
9099,1018,506,2025-10-10,2025-11-09,Database,Ahmed,Shafik,9.0,Maadi,Active,2023-01-28,The Paper Boat Club,Aya Hafez,Friendship,183,,Nile Press
9109,1034,512,2024-08-20,2024-09-14,Database,Aya,Wahba,9.0,Nasr City,Active,2025-01-22,The Cartographer's Cat,Farida Anwar,Adventure,238,2022.0,Delta House
9086,1018,501,2024-06-20,2024-06-29,Database,Ahmed,Shafik,9.0,Maadi,Active,2023-01-28,The Silver Kite,Amina Darwish,Adventure,128,2017.0,Nile Press
9089,1010,507,2025-06-22,2025-07-22,Database,Nour,Nabil,6.0,Maadi,Active,2024-05-15,Fossils and Fireflies,Dalia Serry,Science,160,2024.0,Nile Press
9230,1050,501,2025-09-10,2025-10-07,Database,Fares,Adel,6.0,Heliopolis,inactive,2025-09-10,The Silver Kite,Amina Darwish,Adventure,128,2017.0,Nile Press
9062,1010,520,2024-07-28,2024-08-26,Database,Nour,Nabil,6.0,Maadi,Active,2024-05-15,The Copper Telescope,Jasmine Wahdan,Science Fiction,136,2009.0,Oasis Books
9076,1008,529,2025-12-12,2025-12-20,Database,Ziad,Saleh,8.0,Maadi,active,2025-10-28,Riddles of the Red Sea,Sara Tantawy,Mystery,298,,Cairo Young Readers
9265,1049,513,2024-08-12,2024-09-10,Database,Ahmed,Gamal,6.0,Heliopolis,Active,2023-06-10,Circuits for Beginners,Galal Mounir,Science,294,2021.0,Oasis Books
9258,1050,529,2025-12-07,2025-12-21,Database,Fares,Adel,6.0,Heliopolis,inactive,2025-09-10,Riddles of the Red Sea,Sara Tantawy,Mystery,298,,Cairo Young Readers
9203,1057,501,2025-10-25,,Database,Ahmed,Fahmy,8.0,Heliopolis,Active,2024-01-12,The Silver Kite,Amina Darwish,Adventure,128,2017.0,Nile Press
9041,1010,506,2025-02-22,2025-03-19,Database,Nour,Nabil,6.0,Maadi,Active,2024-05-15,The Paper Boat Club,Aya Hafez,Friendship,183,,Nile Press
9154,1030,525,2025-05-18,2025-05-26,Database,Reem,Osman,,Nasr City,Active,2025-04-01,Storms and Sailboats,Mahmoud Rafei,Adventure,297,2015.0,Oasis Books
9285,1071,513,2025-02-24,,Database,Jana,Hegazy,8.0,Zamalek,Active,2024-09-27,Circuits for Beginners,Galal Mounir,Science,294,2021.0,Oasis Books
9121,1027,522,2025-02-24,2025-03-14,Database,Mostafa,Fouad,9.0,Nasr City,Active,2023-09-25,The Puzzle Merchant,Karim Elwy,Mystery,104,2016.0,Cairo Young Readers
9244,1050,507,2025-04-23,2025-05-06,Database,Fares,Adel,6.0,Heliopolis,inactive,2025-09-10,Fossils and Fireflies,Dalia Serry,Science,160,2024.0,Nile Press
9275,1047,507,2025-09-21,2025-10-08,Database,Sara,Rashad,,Heliopolis,Inactive,2024-06-25,Fossils and Fireflies,Dalia Serry,Science,160,2024.0,Nile Press
9215,1044,507,2024-02-07,,Database,Sherif,Saleh,7.0,Heliopolis,active,2024-02-19,Fossils and Fireflies,Dalia Serry,Science,160,2024.0,Nile Press
9268,1047,503,2025-06-16,2025-07-14,Database,Sara,Rashad,,Heliopolis,Inactive,2024-06-25,The Lantern Maker,Adel Roushdy,Historical,259,,Nile Press
9314,1072,522,2024-08-13,2024-09-02,Database,Seif,Zaki,9.0,Zamalek,Active,2025-10-21,The Puzzle Merchant,Karim Elwy,Mystery,104,2016.0,Cairo Young Readers
9299,1072,521,2024-01-04,2024-01-23,Database,Seif,Zaki,9.0,Zamalek,Active,2025-10-21,A Garden of Equations,Karim Elwy,Science,211,2024.0,Cairo Young Readers
9353,1075,528,2025-12-13,2025-12-30,Database,Malak,Fahmy,7.0,Shubra,Active,2024-10-28,The Glass Beehive,Mona Kholoussy,Nature,114,2010.0,Delta House
9117,1026,501,2025-09-13,,Database,Nada,Saleh,7.0,Nasr City,inactive,2023-11-16,The Silver Kite,Amina Darwish,Adventure,128,2017.0,Nile Press
9212,1044,512,2024-09-14,,Database,Sherif,Saleh,7.0,Heliopolis,active,2024-02-19,The Cartographer's Cat,Farida Anwar,Adventure,238,2022.0,Delta House
9278,1047,506,2024-03-12,2024-04-02,Database,Sara,Rashad,,Heliopolis,Inactive,2024-06-25,The Paper Boat Club,Aya Hafez,Friendship,183,,Nile Press
9177,1027,513,2024-01-18,,Database,Mostafa,Fouad,9.0,Nasr City,Active,2023-09-25,Circuits for Beginners,Galal Mounir,Science,294,2021.0,Oasis Books
9044,1018,503,2024-10-07,,Database,Ahmed,Shafik,9.0,Maadi,Active,2023-01-28,The Lantern Maker,Adel Roushdy,Historical,259,,Nile Press
9329,1062,513,2025-03-06,,Database,Tarek,Adel,7.0,Zamalek,Active,2023-01-22,Circuits for Beginners,Galal Mounir,Science,294,2021.0,Oasis Books
9078,1008,521,2024-09-21,2024-10-12,Database,Ziad,Saleh,8.0,Maadi,active,2025-10-28,A Garden of Equations,Karim Elwy,Science,211,2024.0,Cairo Young Readers
9032,1011,501,2024-11-24,2024-12-11,Database,Menna,Halim,8.0,Maadi,Active,2024-04-22,The Silver Kite,Amina Darwish,Adventure,128,2017.0,Nile Press
9289,1072,522,2025-09-09,2025-09-19,Database,Seif,Zaki,9.0,Zamalek,Active,2025-10-21,The Puzzle Merchant,Karim Elwy,Mystery,104,2016.0,Cairo Young Readers
9138,1039,516,2025-08-22,2025-08-31,Database,Nada,Riad,7.0,Nasr City,active,,The Beekeeper's Almanac,Hoda Bakry,Nature,241,2010.0,Nile Press
9306,1074,510,2024-08-03,2024-08-10,Database,Mostafa,Saleh,8.0,Zamalek,Active,2025-11-21,The Missing Metronome,Diaa Sultan,Mystery,134,2013.0,Cairo Young Readers
9239,1050,519,2025-02-10,2025-02-22,Database,Fares,Adel,6.0,Heliopolis,inactive,2025-09-10,Kites Over Cairo,Jasmine Wahdan,Friendship,157,2014.0,Nile Press
9226,1044,519,2025-03-18,,Database,Sherif,Saleh,7.0,Heliopolis,active,2024-02-19,Kites Over Cairo,Jasmine Wahdan,Friendship,157,2014.0,Nile Press
9135,1034,506,2025-01-12,2025-01-28,Database,Aya,Wahba,9.0,Nasr City,Active,2025-01-22,The Paper Boat Club,Aya Hafez,Friendship,183,,Nile Press
9023,1018,503,2025-08-04,2025-08-27,Database,Ahmed,Shafik,9.0,Maadi,Active,2023-01-28,The Lantern Maker,Adel Roushdy,Historical,259,,Nile Press
9229,1047,501,2025-11-16,2025-12-08,Database,Sara,Rashad,,Heliopolis,Inactive,2024-06-25,The Silver Kite,Amina Darwish,Adventure,128,2017.0,Nile Press
9096,1022,501,2025-02-17,2025-03-17,Database,Youssef,Fouad,7.0,Maadi,Active,2025-02-28,The Silver Kite,Amina Darwish,Adventure,128,2017.0,Nile Press
9312,1068,506,2025-12-01,,Database,Layla,Hegazy,8.0,Zamalek,Inactive,2025-02-24,The Paper Boat Club,Aya Hafez,Friendship,183,,Nile Press
9196,1030,526,2025-01-15,2025-02-02,Database,Reem,Osman,,Nasr City,Active,2025-04-01,The Clockwork Orchard,Mahmoud Rafei,Science Fiction,125,2016.0,Delta House
9190,1030,502,2025-12-04,2025-12-18,Database,Reem,Osman,,Nasr City,Active,2025-04-01,Desert Compass,Amina Darwish,Adventure,109,2018.0,Delta House
9095,1002,507,2024-06-25,2024-07-07,Database,Fares,Saleh,9.0,Maadi,Active,,Fossils and Fireflies,Dalia Serry,Science,160,2024.0,Nile Press
9199,1053,518,2024-11-28,2024-12-08,Database,Adam,Shafik,9.0,Heliopolis,Active,2024-01-03,The Ninth Lighthouse,Hani Nagati,Adventure,163,2011.0,Delta House
9279,1047,514,2025-07-06,2025-07-28,Database,Sara,Rashad,,Heliopolis,Inactive,2024-06-25,The Robot in Row Nine,Galal Mounir,Science Fiction,328,2023.0,Cairo Young Readers
9047,1007,507,2024-10-11,2024-10-24,Database,Sherif,Fouad,6.0,Maadi,Active,2025-08-18,Fossils and Fireflies,Dalia Serry,Science,160,2024.0,Nile Press
9351,1075,514,2024-01-03,2024-01-28,Database,Malak,Fahmy,7.0,Shubra,Active,2024-10-28,The Robot in Row Nine,Galal Mounir,Science Fiction,328,2023.0,Cairo Young Readers
9251,1046,507,2024-06-09,,Database,Amir,Fouad,7.0,HELIOPOLIS,Active,2025-12-11,Fossils and Fireflies,Dalia Serry,Science,160,2024.0,Nile Press
9242,1047,520,2025-06-01,2025-07-01,Database,Sara,Rashad,,Heliopolis,Inactive,2024-06-25,The Copper Telescope,Jasmine Wahdan,Science Fiction,136,2009.0,Oasis Books
9204,1057,506,2024-02-20,2024-03-15,Database,Ahmed,Fahmy,8.0,Heliopolis,Active,2024-01-12,The Paper Boat Club,Aya Hafez,Friendship,183,,Nile Press
9158,1040,513,2025-03-07,2025-03-24,Database,Dina,Adel,9.0,Nasr City,Active,2025-12-26,Circuits for Beginners,Galal Mounir,Science,294,2021.0,Oasis Books
9060,1010,527,2024-05-20,2024-05-28,Database,Nour,Nabil,6.0,Maadi,Active,2024-05-15,Notes from the Delta,Mona Kholoussy,Nature,328,2017.0,Delta House
9243,1060,513,2025-09-13,2025-10-09,Database,Layla,Wahba,7.0,Heliopolis,Active,2024-03-26,Circuits for Beginners,Galal Mounir,Science,294,2021.0,Oasis Books
9042,1010,509,2024-02-28,,Database,Nour,Nabil,6.0,Maadi,Active,2024-05-15,Marbles and Mirrors,Diaa Sultan,Mystery,221,2011.0,Nile Press
9150,1024,507,2025-10-14,2025-10-24,Database,Youssef,Hegazy,8.0,Nasr City,inactive,2024-01-04,Fossils and Fireflies,Dalia Serry,Science,160,2024.0,Nile Press
9377,1034,507,2025-03-25,2025-04-06,Database,Aya,Wahba,9.0,Nasr City,Active,2025-01-22,Fossils and Fireflies,Dalia Serry,Science,160,2024.0,Nile Press
9356,1076,501,2025-03-14,2025-04-13,Database,Dina,Wahba,7.0,Shubra,Active,2025-12-13,The Silver Kite,Amina Darwish,Adventure,128,2017.0,Nile Press
9014,1010,519,2024-06-28,2024-07-20,Database,Nour,Nabil,6.0,Maadi,Active,2024-05-15,Kites Over Cairo,Jasmine Wahdan,Friendship,157,2014.0,Nile Press
9346,1076,519,2024-04-27,,Database,Dina,Wahba,7.0,Shubra,Active,2025-12-13,Kites Over Cairo,Jasmine Wahdan,Friendship,157,2014.0,Nile Press
9103,1003,513,2025-09-04,2025-09-25,Database,Bassel,Hegazy,6.0,Maadi,Active,2025-04-23,Circuits for Beginners,Galal Mounir,Science,294,2021.0,Oasis Books
9246,1044,529,2025-06-25,2025-07-04,Database,Sherif,Saleh,7.0,Heliopolis,active,2024-02-19,Riddles of the Red Sea,Sara Tantawy,Mystery,298,,Cairo Young Readers
9308,1072,525,2024-02-17,2024-03-12,Database,Seif,Zaki,9.0,Zamalek,Active,2025-10-21,Storms and Sailboats,Mahmoud Rafei,Adventure,297,2015.0,Oasis Books
9321,1070,501,2025-12-28,2026-01-09,Database,Ahmed,Zaki,9.0,Zamalek,Active,2025-07-22,The Silver Kite,Amina Darwish,Adventure,128,2017.0,Nile Press
9045,1008,520,2024-05-28,,Database,Ziad,Saleh,8.0,Maadi,active,2025-10-28,The Copper Telescope,Jasmine Wahdan,Science Fiction,136,2009.0,Oasis Books
9219,1047,506,2025-05-13,2025-06-07,Database,Sara,Rashad,,Heliopolis,Inactive,2024-06-25,The Paper Boat Club,Aya Hafez,Friendship,183,,Nile Press
9002,1020,515,2024-12-06,2024-12-11,Database,Rana,Fouad,6.0,Maadi,Active,2025-12-04,Songs of the Oasis,Hoda Bakry,Poetry,316,2022.0,Cairo Young Readers
9185,1026,519,2025-10-22,2025-11-01,Database,Nada,Saleh,7.0,Nasr City,inactive,2023-11-16,Kites Over Cairo,Jasmine Wahdan,Friendship,157,2014.0,Nile Press
9359,1077,501,2025-01-26,,Database,Lina,Rashad,6.0,Shubra,Active,2023-07-08,The Silver Kite,Amina Darwish,Adventure,128,2017.0,Nile Press
9079,1008,520,2025-12-27,2026-01-05,Database,Ziad,Saleh,8.0,Maadi,active,2025-10-28,The Copper Telescope,Jasmine Wahdan,Science Fiction,136,2009.0,Oasis Books
9252,1054,513,2024-08-04,2024-08-09,Database,Retaj,Fahmy,6.0,Heliopolis,Inactive,2024-03-21,Circuits for Beginners,Galal Mounir,Science,294,2021.0,Oasis Books
9282,1057,530,2025-07-22,2025-08-18,Database,Ahmed,Fahmy,8.0,Heliopolis,Active,2024-01-12,The Sandstone Key,Sara Tantawy,Adventure,208,2012.0,Oasis Books
9293,1071,525,2025-08-05,2025-08-18,Database,Jana,Hegazy,8.0,Zamalek,Active,2024-09-27,Storms and Sailboats,Mahmoud Rafei,Adventure,297,2015.0,Oasis Books
9202,1047,506,2025-06-05,2025-07-03,Database,Sara,Rashad,,Heliopolis,Inactive,2024-06-25,The Paper Boat Club,Aya Hafez,Friendship,183,,Nile Press
9026,1018,506,2025-04-21,2025-05-04,Database,Ahmed,Shafik,9.0,Maadi,Active,2023-01-28,The Paper Boat Club,Aya Hafez,Friendship,183,,Nile Press
9050,1003,521,2025-08-21,,Database,Bassel,Hegazy,6.0,Maadi,Active,2025-04-23,A Garden of Equations,Karim Elwy,Science,211,2024.0,Cairo Young Readers
9122,1034,525,2025-06-04,2025-06-30,Database,Aya,Wahba,9.0,Nasr City,Active,2025-01-22,Storms and Sailboats,Mahmoud Rafei,Adventure,297,2015.0,Oasis Books
9153,1030,530,2024-10-12,2024-10-26,Database,Reem,Osman,,Nasr City,Active,2025-04-01,The Sandstone Key,Sara Tantawy,Adventure,208,2012.0,Oasis Books
9145,1034,501,2025-11-10,2025-12-10,Database,Aya,Wahba,9.0,Nasr City,Active,2025-01-22,The Silver Kite,Amina Darwish,Adventure,128,2017.0,Nile Press
9339,1073,501,2025-02-02,,Database,Yassin,Kamel,7.0,Zamalek,Inactive,2025-08-26,The Silver Kite,Amina Darwish,Adventure,128,2017.0,Nile Press
9136,1030,532,2024-10-03,2024-10-20,Database,Reem,Osman,,Nasr City,Active,2025-04-01,The Last Bookmark,Samir Zohdy,Friendship,337,2017.0,Oasis Books
9277,1057,519,2025-10-19,2025-10-28,Database,Ahmed,Fahmy,8.0,Heliopolis,Active,2024-01-12,Kites Over Cairo,Jasmine Wahdan,Friendship,157,2014.0,Nile Press
9284,1062,513,2025-09-27,2025-10-26,Database,Tarek,Adel,7.0,Zamalek,Active,2023-01-22,Circuits for Beginners,Galal Mounir,Science,294,2021.0,Oasis Books
9210,1044,507,2025-09-11,2025-09-29,Database,Sherif,Saleh,7.0,Heliopolis,active,2024-02-19,Fossils and Fireflies,Dalia Serry,Science,160,2024.0,Nile Press
9098,1008,525,2024-12-15,2024-12-31,Database,Ziad,Saleh,8.0,Maadi,active,2025-10-28,Storms and Sailboats,Mahmoud Rafei,Adventure,297,2015.0,Oasis Books
9106,1034,501,2025-08-20,2025-08-27,Database,Aya,Wahba,9.0,Nasr City,Active,2025-01-22,The Silver Kite,Amina Darwish,Adventure,128,2017.0,Nile Press
9170,1034,522,2025-10-16,2025-10-28,Database,Aya,Wahba,9.0,Nasr City,Active,2025-01-22,The Puzzle Merchant,Karim Elwy,Mystery,104,2016.0,Cairo Young Readers
9028,1017,507,2025-01-19,2025-01-28,Database,Adam,Badr,9.0,Maadi,Active,2025-07-12,Fossils and Fireflies,Dalia Serry,Science,160,2024.0,Nile Press
9081,1017,502,2025-08-25,2025-09-17,Database,Adam,Badr,9.0,Maadi,Active,2025-07-12,Desert Compass,Amina Darwish,Adventure,109,2018.0,Delta House
9223,1050,510,2024-04-11,2024-05-04,Database,Fares,Adel,6.0,Heliopolis,inactive,2025-09-10,The Missing Metronome,Diaa Sultan,Mystery,134,2013.0,Cairo Young Readers
9311,1065,507,2025-06-26,2025-07-09,Database,Adam,Fahmy,6.0,Zamalek,Active,2025-07-12,Fossils and Fireflies,Dalia Serry,Science,160,2024.0,Nile Press
9085,1018,525,2025-08-19,2025-09-18,Database,Ahmed,Shafik,9.0,Maadi,Active,2023-01-28,Storms and Sailboats,Mahmoud Rafei,Adventure,297,2015.0,Oasis Books
9335,1065,513,2024-12-18,2024-12-30,Database,Adam,Fahmy,6.0,Zamalek,Active,2025-07-12,Circuits for Beginners,Galal Mounir,Science,294,2021.0,Oasis Books
9221,1055,520,2025-04-12,2025-04-18,Database,Mostafa,Kamel,9.0,Heliopolis,Active,2025-01-04,The Copper Telescope,Jasmine Wahdan,Science Fiction,136,2009.0,Oasis Books
9016,1016,527,2024-12-03,2024-12-11,Database,Dina,Rashad,8.0,Maadi,Active,2023-04-24,Notes from the Delta,Mona Kholoussy,Nature,328,2017.0,Delta House
9361,1075,524,2024-04-19,,Database,Malak,Fahmy,7.0,Shubra,Active,2024-10-28,The Weaver's Daughter,Laila Shokry,Historical,114,2016.0,Cairo Young Readers
9248,1044,514,2025-07-01,2025-07-18,Database,Sherif,Saleh,7.0,Heliopolis,active,2024-02-19,The Robot in Row Nine,Galal Mounir,Science Fiction,328,2023.0,Cairo Young Readers
9315,1068,501,2024-06-11,2024-07-04,Database,Layla,Hegazy,8.0,Zamalek,Inactive,2025-02-24,The Silver Kite,Amina Darwish,Adventure,128,2017.0,Nile Press
9305,1062,519,2024-01-23,2024-01-31,Database,Tarek,Adel,7.0,Zamalek,Active,2023-01-22,Kites Over Cairo,Jasmine Wahdan,Friendship,157,2014.0,Nile Press
9174,1024,528,2025-12-16,2026-01-07,Database,Youssef,Hegazy,8.0,Nasr City,inactive,2024-01-04,The Glass Beehive,Mona Kholoussy,Nature,114,2010.0,Delta House
9048,1003,519,2024-12-03,2025-01-01,Database,Bassel,Hegazy,6.0,Maadi,Active,2025-04-23,Kites Over Cairo,Jasmine Wahdan,Friendship,157,2014.0,Nile Press
9281,1044,525,2024-06-01,2024-06-12,Database,Sherif,Saleh,7.0,Heliopolis,active,2024-02-19,Storms and Sailboats,Mahmoud Rafei,Adventure,297,2015.0,Oasis Books
9039,1018,513,2024-07-21,2024-08-10,Database,Ahmed,Shafik,9.0,Maadi,Active,2023-01-28,Circuits for Beginners,Galal Mounir,Science,294,2021.0,Oasis Books
9083,1011,516,2025-10-02,2025-10-09,Database,Menna,Halim,8.0,Maadi,Active,2024-04-22,The Beekeeper's Almanac,Hoda Bakry,Nature,241,2010.0,Nile Press
9088,1003,519,2025-09-17,2025-10-03,Database,Bassel,Hegazy,6.0,Maadi,Active,2025-04-23,Kites Over Cairo,Jasmine Wahdan,Friendship,157,2014.0,Nile Press
9176,1027,501,2024-11-08,2024-11-26,Database,Mostafa,Fouad,9.0,Nasr City,Active,2023-09-25,The Silver Kite,Amina Darwish,Adventure,128,2017.0,Nile Press
9054,1013,510,2024-11-21,,Database,Ziad,Fouad,,Maadi,Active,2025-06-27,The Missing Metronome,Diaa Sultan,Mystery,134,2013.0,Cairo Young Readers
9134,1037,516,2025-09-08,2025-09-19,Database,Retaj,Kamel,,Nasr City,Inactive,2023-08-26,The Beekeeper's Almanac,Hoda Bakry,Nature,241,2010.0,Nile Press
9164,1034,507,2024-12-02,2024-12-12,Database,Aya,Wahba,9.0,Nasr City,Active,2025-01-22,Fossils and Fireflies,Dalia Serry,Science,160,2024.0,Nile Press
9011,1022,513,2024-03-17,,Database,Youssef,Fouad,7.0,Maadi,Active,2025-02-28,Circuits for Beginners,Galal Mounir,Science,294,2021.0,Oasis Books
9151,1034,528,2025-04-25,2025-05-16,Database,Aya,Wahba,9.0,Nasr City,Active,2025-01-22,The Glass Beehive,Mona Kholoussy,Nature,114,2010.0,Delta House
9018,1003,522,2025-06-12,2025-06-24,Database,Bassel,Hegazy,6.0,Maadi,Active,2025-04-23,The Puzzle Merchant,Karim Elwy,Mystery,104,2016.0,Cairo Young Readers
9038,1007,506,2024-07-15,2024-08-12,Database,Sherif,Fouad,6.0,Maadi,Active,2025-08-18,The Paper Boat Club,Aya Hafez,Friendship,183,,Nile Press
9232,1044,513,2025-05-26,2025-06-11,Database,Sherif,Saleh,7.0,Heliopolis,active,2024-02-19,Circuits for Beginners,Galal Mounir,Science,294,2021.0,Oasis Books
9084,1008,511,2024-06-27,2024-07-22,Database,Ziad,Saleh,8.0,Maadi,active,2025-10-28,Winter in Alexandria,Farida Anwar,Historical,117,2016.0,Nile Press
9116,1024,519,2025-01-10,2025-02-09,Database,Youssef,Hegazy,8.0,Nasr City,inactive,2024-01-04,Kites Over Cairo,Jasmine Wahdan,Friendship,157,2014.0,Nile Press
9352,1076,501,2025-02-02,,Database,Dina,Wahba,7.0,Shubra,Active,2025-12-13,The Silver Kite,Amina Darwish,Adventure,128,2017.0,Nile Press
,1026,522,2025-07-11,,Reading Kickoff,Nada,Saleh,7.0,Nasr City,inactive,2023-11-16,The Puzzle Merchant,Karim Elwy,Mystery,104,2016.0,Cairo Young Readers
,1049,520,2025-07-11,,Reading Kickoff,Ahmed,Gamal,6.0,Heliopolis,Active,2023-06-10,The Copper Telescope,Jasmine Wahdan,Science Fiction,136,2009.0,Oasis Books
,1062,525,2025-07-05,,Reading Kickoff,Tarek,Adel,7.0,Zamalek,Active,2023-01-22,Storms and Sailboats,Mahmoud Rafei,Adventure,297,2015.0,Oasis Books
,1065,520,2025-07-07,,Reading Kickoff,Adam,Fahmy,6.0,Zamalek,Active,2025-07-12,The Copper Telescope,Jasmine Wahdan,Science Fiction,136,2009.0,Oasis Books
,1009,503,2025-07-09,,Reading Kickoff,Hassan,Saleh,6.0,Maadi,Active,2025-04-25,The Lantern Maker,Adel Roushdy,Historical,259,,Nile Press
,1063,522,2025-07-07,,Reading Kickoff,Layla,Fouad,6.0,Zamalek,Active,2024-06-21,The Puzzle Merchant,Karim Elwy,Mystery,104,2016.0,Cairo Young Readers
,1022,511,2025-07-12,,Reading Kickoff,Youssef,Fouad,7.0,Maadi,Active,2025-02-28,Winter in Alexandria,Farida Anwar,Historical,117,2016.0,Nile Press
,1029,523,2025-07-09,,Reading Kickoff,Rana,Kamel,6.0,Nasr City,Active,2023-04-03,Footsteps in the Dust,Laila Shokry,Historical,276,2018.0,Oasis Books
,1005,513,2025-07-10,,Reading Kickoff,Youssef,Halim,9.0,Maadi,Active,2024-05-05,Circuits for Beginners,Galal Mounir,Science,294,2021.0,Oasis Books
,1058,518,2025-07-08,,Reading Kickoff,Lina,Mansour,8.0,Heliopolis,active,2025-07-20,The Ninth Lighthouse,Hani Nagati,Adventure,163,2011.0,Delta House
,1002,521,2025-07-08,,Reading Kickoff,Fares,Saleh,9.0,Maadi,Active,,A Garden of Equations,Karim Elwy,Science,211,2024.0,Cairo Young Readers
,1041,504,2025-07-05,,Reading Kickoff,Nada,Rashad,7.0,Nasr City,Active,2024-04-02,Rooftop Astronomers,Adel Roushdy,Science,319,2009.0,Cairo Young Readers
,1055,526,2025-07-11,,Reading Kickoff,Mostafa,Kamel,9.0,Heliopolis,Active,2025-01-04,The Clockwork Orchard,Mahmoud Rafei,Science Fiction,125,2016.0,Delta House
,1061,513,2025-07-06,,Reading Kickoff,Ziad,Fahmy,9.0,zamalek,Inactive,2023-04-27,Circuits for Beginners,Galal Mounir,Science,294,2021.0,Oasis Books
,1012,509,2025-07-11,,Reading Kickoff,Ali,Hegazy,7.0,Maadi,Active,2025-12-08,Marbles and Mirrors,Diaa Sultan,Mystery,221,2011.0,Nile Press
,1007,510,2025-07-07,,Reading Kickoff,Sherif,Fouad,6.0,Maadi,Active,2025-08-18,The Missing Metronome,Diaa Sultan,Mystery,134,2013.0,Cairo Young Readers
,1073,530,2025-07-07,,Reading Kickoff,Yassin,Kamel,7.0,Zamalek,Inactive,2025-08-26,The Sandstone Key,Sara Tantawy,Adventure,208,2012.0,Oasis Books
,1003,501,2025-07-08,,Reading Kickoff,Bassel,Hegazy,6.0,Maadi,Active,2025-04-23,The Silver Kite,Amina Darwish,Adventure,128,2017.0,Nile Press
,1017,507,2025-07-11,,Reading Kickoff,Adam,Badr,9.0,Maadi,Active,2025-07-12,Fossils and Fireflies,Dalia Serry,Science,160,2024.0,Nile Press
,1061,504,2025-07-06,,Reading Kickoff,Ziad,Fahmy,9.0,zamalek,Inactive,2023-04-27,Rooftop Astronomers,Adel Roushdy,Science,319,2009.0,Cairo Young Readers
,1041,512,2025-07-06,,Reading Kickoff,Nada,Rashad,7.0,Nasr City,Active,2024-04-02,The Cartographer's Cat,Farida Anwar,Adventure,238,2022.0,Delta House
